project_id,team_size,team_experience_years,budget_thousands,duration_days,complexity,risk,success
1,9,6.4,262.08,90,High,0.6,0
2,6,2.7,490.6,339,Low,0.09,0
3,10,4.0,335.36,117,Medium,0.38,0
4,7,6.0,106.82,353,Low,0.12,0
5,9,2.6,354.28,236,High,0.39,0
6,5,6.4,196.3,158,Medium,0.18,0
7,9,4.5,358.85,340,High,0.24,0
8,10,4.3,81.34,32,Medium,0.55,0
9,7,6.4,128.7,271,Low,0.34,0
10,6,5.9,435.08,150,Low,0.23,0
11,10,4.3,152.23,131,Medium,0.42,0
12,10,7.3,426.67,67,Low,0.29,0
13,5,2.8,175.67,162,Medium,0.28,0
14,8,6.2,339.3,231,Low,0.26,0
15,7,6.2,362.37,50,Low,0.26,0
16,4,4.4,280.69,271,Medium,0.17,0
17,10,5.7,187.39,138,Medium,0.37,0
18,8,2.5,145.69,332,Medium,0.3,0
19,4,6.8,64.94,113,Low,0.45,0
20,7,4.6,186.78,112,Medium,0.12,0
21,3,4.0,343.92,320,Low,0.27,0
22,8,7.1,472.24,98,Low,0.33,0
23,11,3.6,442.04,158,Medium,0.33,0
24,3,2.2,394.73,225,Low,0.62,0
25,5,1.9,404.8,169,Low,0.19,0
26,9,6.2,349.24,312,Low,0.11,0
27,6,2.4,167.13,341,Low,0.15,0
28,11,8.5,458.24,263,Low,0.34,0
29,5,1.0,351.83,52,Low,0.07,0
30,7,8.4,302.2,182,Low,0.27,0
31,5,5.4,99.95,306,Low,0.46,0
32,9,4.8,251.17,90,Medium,0.14,0
33,7,3.9,257.16,348,Low,0.12,0
34,11,5.8,439.05,81,Low,0.19,0
35,9,4.9,295.99,182,Low,0.31,0
36,4,7.2,221.18,266,Medium,0.62,0
37,6,5.2,489.56,340,High,0.19,0
38,11,5.3,99.82,331,Medium,0.21,0
39,4,4.3,240.15,61,Medium,0.44,0
40,11,4.9,68.91,84,Medium,0.24,0
41,7,5.6,382.96,65,Medium,0.14,0
42,4,1.6,463.13,139,Medium,0.16,0
43,6,2.3,176.02,206,Low,0.3,0
44,9,6.5,436.25,343,Low,0.26,0
45,10,5.3,181.5,324,Low,0.14,0
46,5,4.6,459.85,126,High,0.17,0
47,3,5.0,389.28,242,Medium,0.09,0
48,6,5.7,412.21,346,Medium,0.59,0
49,4,3.9,58.1,166,Low,0.11,0
50,10,3.4,483.26,35,Medium,0.3,0
51,6,5.4,377.0,138,Low,0.38,0
52,4,3.0,187.14,64,Low,0.21,0
53,8,5.8,423.23,68,High,0.12,0
54,8,1.6,176.68,179,Medium,0.31,0
55,6,7.1,442.74,147,Low,0.1,0
56,8,5.9,100.66,290,High,0.11,0
57,4,5.5,366.66,116,Low,0.38,0
58,4,7.0,293.31,105,High,0.18,0
59,6,8.3,93.44,342,Low,0.04,0
60,10,7.0,158.85,243,Low,0.48,0
61,9,1.3,55.58,314,Low,0.44,0
62,11,2.4,260.95,268,Low,0.25,0
63,10,3.8,185.57,194,Low,0.12,0
64,7,5.1,319.26,116,Medium,0.31,0
65,4,6.0,183.76,170,High,0.33,0
66,7,3.5,184.96,189,Medium,0.34,0
67,10,5.4,384.44,75,Low,0.36,0
68,11,3.5,71.66,141,Medium,0.15,0
69,11,3.8,456.3,74,Low,0.33,0
70,3,2.2,433.52,276,Low,0.07,0
71,11,3.2,350.51,133,Medium,0.26,0
72,9,2.3,316.95,114,Medium,0.39,0
73,11,3.0,451.54,163,Low,0.36,0
74,10,7.1,133.4,137,Low,0.25,0
75,3,3.1,85.54,47,High,0.19,0
76,10,10.3,157.78,123,Low,0.23,0
77,10,6.0,407.56,179,Medium,0.15,0
78,5,5.4,65.6,275,Medium,0.13,0
79,3,3.3,312.26,318,Low,0.36,0
80,10,6.4,497.95,238,Low,0.08,0
81,5,3.8,435.06,155,Low,0.03,0
82,5,5.2,284.65,264,Medium,0.24,0
83,3,10.1,78.64,151,Medium,0.19,0
84,7,4.8,424.12,167,Medium,0.25,1
85,9,7.3,319.54,144,High,0.16,0
86,11,3.6,101.72,191,Medium,0.41,0
87,9,4.9,92.24,230,Medium,0.29,0
88,11,8.5,459.33,263,Medium,0.15,0
89,10,3.7,351.14,57,Medium,0.14,0
90,4,8.6,423.18,40,Medium,0.34,0
91,3,6.4,445.54,235,Medium,0.27,0
92,9,3.9,307.3,196,Medium,0.26,0
93,9,6.3,282.85,276,Low,0.3,0
94,10,6.9,243.69,76,Medium,0.33,0
95,7,6.2,192.63,275,Low,0.15,0
96,5,1.9,245.57,156,Low,0.16,0
97,10,3.5,398.25,176,Low,0.13,0
98,8,4.5,320.87,147,Medium,0.2,0
99,5,4.9,451.64,181,Medium,0.3,0
100,3,6.2,249.52,101,Low,0.3,0
101,5,5.4,323.19,166,Medium,0.04,0
102,7,2.3,334.09,204,Medium,0.63,0
103,5,5.8,316.26,318,Low,0.47,1
104,3,6.2,366.19,48,Medium,0.13,0
105,7,6.1,156.85,224,Medium,0.17,0
106,9,7.2,280.56,359,Medium,0.38,0
107,9,6.7,96.9,204,Medium,0.39,0
108,11,5.9,223.03,170,Medium,0.39,0
109,5,4.9,269.45,275,Low,0.19,0
110,9,1.7,343.5,122,Low,0.33,0
111,3,5.9,477.74,268,Low,0.52,0
112,6,5.4,320.29,234,High,0.23,0
113,6,5.5,384.62,77,Low,0.3,0
114,7,2.4,277.82,274,Low,0.44,0
115,9,2.8,335.35,349,High,0.06,0
116,9,7.1,81.92,346,High,0.23,0
117,6,4.9,164.48,324,Medium,0.41,0
118,9,6.4,212.83,157,Low,0.12,0
119,5,5.1,262.62,311,Low,0.43,0
120,8,5.1,70.54,46,Low,0.03,0
121,4,6.9,113.01,100,Low,0.33,0
122,11,4.0,174.57,298,Low,0.48,0
123,7,5.2,487.19,354,Medium,0.24,0
124,8,4.1,199.11,311,High,0.28,0
125,6,4.1,266.92,334,Low,0.19,0
126,9,4.4,138.24,36,Medium,0.22,0
127,11,5.4,324.85,343,Medium,0.23,0
128,9,4.0,176.31,334,Low,0.38,0
129,3,7.5,143.15,132,Medium,0.47,0
130,3,3.2,282.46,338,Low,0.12,0
131,11,4.6,52.48,222,Low,0.43,0
132,11,4.1,53.45,270,Medium,0.17,0
133,6,7.9,148.58,91,Low,0.05,0
134,11,5.4,66.52,46,High,0.18,0
135,5,7.1,98.61,200,Low,0.36,0
136,9,2.0,202.49,54,Medium,0.49,0
137,8,5.5,411.16,280,Medium,0.08,0
138,10,6.8,307.42,282,Low,0.34,0
139,11,5.2,280.7,236,Low,0.47,0
140,7,7.1,182.07,58,Medium,0.23,0
141,3,4.0,469.29,146,High,0.39,0
142,5,7.8,228.66,311,High,0.05,0
143,10,9.6,89.19,173,Medium,0.38,0
144,8,4.3,327.68,54,Medium,0.21,0
145,10,4.1,101.23,339,Medium,0.11,0
146,11,7.9,205.35,185,Medium,0.38,0
147,6,8.2,278.34,102,Medium,0.16,0
148,3,4.0,443.4,149,Medium,0.19,0
149,3,4.2,272.1,341,High,0.16,0
150,6,4.4,366.02,350,Low,0.35,0
151,9,2.3,496.77,122,High,0.43,0
152,4,3.2,109.17,115,Medium,0.1,0
153,5,3.0,173.63,147,Low,0.12,0
154,3,3.5,227.56,262,Low,0.25,0
155,7,4.9,239.82,228,Low,0.34,0
156,3,5.5,234.96,235,Medium,0.16,0
157,10,8.1,458.42,176,High,0.21,0
158,3,3.0,371.31,300,Low,0.06,0
159,3,7.0,323.56,168,High,0.14,0
160,4,4.6,189.22,210,High,0.31,0
161,4,4.9,420.71,59,Low,0.2,0
162,8,6.3,479.78,86,High,0.37,0
163,9,2.8,419.54,261,High,0.13,0
164,7,5.8,50.7,175,Medium,0.34,0
165,3,5.3,336.38,77,Medium,0.62,0
166,3,6.0,73.01,223,High,0.36,0
167,5,5.6,165.92,253,Medium,0.34,0
168,4,9.9,76.79,165,Low,0.11,0
169,7,3.7,321.71,51,High,0.54,0
170,8,3.9,358.97,35,Medium,0.21,0
171,9,3.8,101.52,233,Medium,0.41,0
172,6,3.9,222.73,268,Low,0.25,0
173,9,3.7,255.31,214,Medium,0.14,0
174,10,7.4,216.07,321,Low,0.01,0
175,3,7.8,104.46,364,High,0.28,0
176,8,3.9,238.53,249,Low,0.48,0
177,10,3.3,388.03,145,Low,0.2,0
178,7,5.9,81.95,342,Medium,0.01,0
179,6,3.9,86.08,78,Low,0.34,0
180,4,6.3,209.65,202,Medium,0.74,0
181,8,5.4,473.78,111,High,0.14,0
182,8,2.0,350.86,351,High,0.05,0
183,3,8.1,355.4,362,Low,0.31,0
184,11,8.6,212.86,74,Low,0.15,0
185,8,3.8,317.15,364,High,0.29,0
186,5,4.2,54.56,49,High,0.19,0
187,6,5.6,336.24,250,Medium,0.18,0
188,6,5.7,460.98,152,Medium,0.12,0
189,5,6.3,325.66,263,Low,0.2,0
190,5,9.0,443.16,250,High,0.42,0
191,5,4.6,375.79,352,Medium,0.04,0
192,6,3.4,104.25,32,Low,0.41,0
193,9,2.2,456.1,211,Low,0.43,0
194,6,3.5,79.9,235,High,0.43,0
195,11,4.9,290.29,349,Low,0.54,0
196,3,8.6,113.96,69,Low,0.14,0
197,10,4.0,55.27,88,Medium,0.13,0
198,9,5.4,239.92,91,Low,0.28,0
199,4,5.0,182.77,161,Low,0.18,0
200,10,7.4,268.7,89,High,0.41,0
201,3,10.1,309.74,360,High,0.06,0
202,11,3.9,69.68,151,High,0.56,0
203,11,4.0,105.35,136,High,0.25,0
204,4,7.1,301.39,125,Medium,0.39,0
205,9,6.4,204.43,264,High,0.12,0
206,5,8.7,378.13,91,Low,0.41,0
207,9,6.2,343.53,285,Medium,0.18,0
208,11,4.3,430.52,78,High,0.52,0
209,6,6.2,361.62,188,Low,0.16,0
210,3,7.2,243.47,153,Low,0.27,1
211,4,6.6,352.83,346,Medium,0.08,0
212,3,6.0,173.92,236,Low,0.07,0
213,7,7.1,187.84,77,Low,0.26,0
214,7,7.3,405.04,165,High,0.12,0
215,9,7.8,250.89,230,High,0.06,0
216,11,6.3,409.27,279,Medium,0.44,0
217,11,4.7,420.09,343,Low,0.47,0
218,5,5.3,435.9,347,Low,0.31,0
219,5,7.4,462.49,324,High,0.36,0
220,5,3.4,243.94,343,Medium,0.4,0
221,6,5.7,193.49,238,Low,0.34,0
222,10,4.2,311.99,240,Medium,0.15,0
223,8,5.1,217.03,221,Low,0.46,0
224,10,7.6,320.48,73,Medium,0.31,0
225,3,5.4,367.51,58,High,0.06,0
226,10,5.1,359.78,88,Medium,0.34,0
227,6,2.3,218.55,100,Medium,0.26,0
228,3,6.5,125.09,121,Low,0.37,0
229,10,6.3,243.74,294,Medium,0.19,0
230,6,9.3,114.17,249,Medium,0.15,0
231,8,4.4,450.54,244,Low,0.06,0
232,10,5.4,205.64,306,Medium,0.34,0
233,6,5.5,119.51,93,Low,0.19,0
234,5,8.2,61.45,321,High,0.22,0
235,11,4.8,340.62,274,Medium,0.26,0
236,5,5.6,336.61,91,High,0.32,0
237,11,6.2,203.27,361,Low,0.27,0
238,4,5.4,82.27,199,Medium,0.13,0
239,4,4.1,234.33,298,Medium,0.4,0
240,4,5.4,190.05,296,Medium,0.21,0
241,8,7.1,354.7,83,Low,0.03,0
242,5,2.9,322.6,45,Medium,0.42,0
243,11,5.3,214.07,37,Medium,0.21,0
244,6,3.6,148.05,133,Low,0.26,0
245,3,7.4,494.62,88,Low,0.4,0
246,6,2.0,254.3,342,Medium,0.47,0
247,3,3.9,359.72,69,Medium,0.27,0
248,7,5.8,113.25,266,Low,0.35,0
249,6,8.1,268.52,123,Low,0.09,0
250,10,4.9,62.39,251,Low,0.14,0
251,10,3.9,277.45,233,Medium,0.11,0
252,9,8.8,483.81,167,Medium,0.55,0
253,5,2.1,222.89,329,High,0.29,0
254,3,1.0,67.55,236,High,0.08,0
255,3,5.9,63.93,110,Medium,0.78,0
256,5,4.0,224.59,247,Low,0.35,0
257,8,3.0,122.01,31,Low,0.27,0
258,9,6.4,60.51,207,Low,0.26,0
259,8,5.5,390.3,308,High,0.14,0
260,8,3.9,256.34,175,Medium,0.19,0
261,8,2.4,180.16,347,Low,0.22,0
262,5,6.7,455.04,253,Low,0.36,0
263,8,6.3,102.26,91,Medium,0.46,0
264,10,4.8,480.16,323,Medium,0.55,0
265,4,8.7,191.29,268,Low,0.39,0
266,7,2.9,449.78,224,High,0.09,0
267,3,1.9,321.32,195,Medium,0.42,0
268,3,3.6,422.02,251,Low,0.04,0
269,7,4.9,492.81,90,High,0.13,0
270,5,5.5,179.78,158,Low,0.26,0
271,6,4.5,482.51,202,High,0.2,0
272,5,5.7,225.27,185,High,0.2,0
273,3,2.5,223.48,139,Medium,0.34,0
274,3,7.9,203.17,298,Medium,0.51,0
275,7,4.8,293.63,307,Low,0.11,0
276,8,7.2,119.37,103,High,0.2,0
277,5,5.7,299.17,236,Medium,0.29,0
278,11,5.9,293.77,308,Medium,0.28,0
279,7,6.1,392.86,355,High,0.29,0
280,10,5.9,425.14,233,High,0.09,0
281,3,6.3,248.2,190,High,0.01,0
282,7,7.7,186.05,57,Low,0.39,0
283,5,5.4,166.7,286,High,0.31,0
284,3,6.4,137.58,194,Medium,0.18,0
285,6,4.8,75.94,92,High,0.41,0
286,7,7.9,204.1,51,Medium,0.41,0
287,9,3.6,171.61,99,Low,0.09,0
288,3,8.6,484.89,125,Low,0.24,0
289,5,4.9,300.97,192,Medium,0.45,0
290,4,2.1,206.27,108,Medium,0.32,0
291,11,5.3,311.21,34,Low,0.14,0
292,8,3.6,112.64,345,Medium,0.57,0
293,5,6.7,249.82,149,Low,0.29,0
294,10,3.7,331.81,331,High,0.21,0
295,10,4.1,270.0,207,Medium,0.54,1
296,4,1.2,230.8,205,Low,0.47,0
297,8,4.1,497.23,246,Low,0.33,0
298,9,1.0,446.14,85,Low,0.18,0
299,4,1.8,330.53,216,Medium,0.34,0
300,4,6.5,306.22,261,Low,0.11,0
301,3,6.6,329.3,284,Low,0.33,0
302,10,5.9,140.59,133,High,0.14,0
303,3,3.1,227.81,106,High,0.29,0
304,11,4.9,67.76,259,Medium,0.44,0
305,8,5.0,264.0,287,High,0.51,0
306,9,2.7,294.36,293,Low,0.33,0
307,9,8.0,152.49,360,Medium,0.35,0
308,5,6.8,483.81,211,Medium,0.42,0
309,4,4.6,459.25,285,Medium,0.35,0
310,11,5.1,374.96,67,Low,0.44,0
311,10,5.4,290.02,205,Medium,0.44,0
312,9,1.0,441.49,56,Medium,0.14,0
313,11,4.5,108.79,305,Medium,0.15,0
314,6,3.6,405.73,169,Low,0.08,0
315,6,3.0,106.17,328,Low,0.22,0
316,3,4.4,407.39,316,Low,0.52,0
317,10,8.6,174.1,120,Low,0.35,0
318,5,6.3,444.69,90,Medium,0.41,0
319,9,3.9,474.82,192,Low,0.12,1
320,4,6.1,116.96,172,High,0.41,0
321,4,7.8,258.2,282,Low,0.19,0
322,9,6.8,491.44,298,Low,0.42,0
323,8,5.1,267.53,320,Medium,0.14,0
324,5,3.7,438.6,216,Low,0.11,0
325,11,6.4,314.93,333,Medium,0.46,0
326,8,5.8,218.9,320,Medium,0.4,0
327,8,6.8,178.6,115,Low,0.08,0
328,3,6.3,141.45,195,Low,0.2,0
329,6,7.1,392.81,143,Low,0.06,0
330,8,3.9,223.94,212,Low,0.34,0
331,8,7.6,280.07,236,Low,0.21,0
332,7,5.4,271.55,285,Low,0.22,0
333,3,9.2,309.78,264,Low,0.44,0
334,10,3.6,439.51,32,Medium,0.06,0
335,7,8.5,491.33,237,Medium,0.06,0
336,7,5.4,233.41,226,Medium,0.35,0
337,9,3.7,422.38,154,Low,0.03,0
338,6,4.0,394.04,167,Low,0.1,0
339,8,4.4,308.09,54,High,0.31,0
340,6,5.8,480.22,97,Medium,0.06,0
341,5,6.0,140.21,90,High,0.3,0
342,9,3.9,99.17,58,Low,0.4,0
343,10,5.0,434.28,48,Medium,0.33,0
344,6,9.3,247.62,200,Medium,0.19,0
345,4,8.5,431.14,103,Low,0.16,0
346,5,5.9,451.89,90,Medium,0.4,0
347,3,5.1,78.11,182,Medium,0.24,0
348,10,5.2,447.56,305,Low,0.2,0
349,5,6.2,251.74,77,Low,0.32,0
350,9,3.0,279.69,240,Medium,0.21,0
351,7,4.5,331.97,168,High,0.05,0
352,7,1.7,466.87,139,Low,0.53,0
353,9,5.8,58.6,212,Low,0.51,0
354,11,6.3,264.58,57,Low,0.61,0
355,7,4.0,359.47,226,Medium,0.19,0
356,3,8.1,375.22,220,Low,0.64,0
357,3,2.5,361.64,344,High,0.38,0
358,4,2.1,110.5,80,Low,0.1,0
359,8,5.4,184.73,178,Low,0.46,0
360,11,7.1,211.42,297,Medium,0.66,0
361,10,8.4,412.0,79,High,0.54,0
362,7,4.1,175.44,275,Medium,0.36,0
363,3,7.2,144.82,142,Medium,0.21,0
364,9,4.9,480.85,199,High,0.49,0
365,7,4.7,53.99,195,Low,0.05,0
366,8,6.8,499.02,43,High,0.15,0
367,9,6.3,354.57,232,Low,0.11,0
368,5,1.8,422.81,317,Medium,0.22,0
369,5,8.0,182.58,218,Medium,0.37,0
370,7,7.8,56.44,184,Low,0.25,0
371,8,3.7,382.04,84,High,0.11,0
372,11,5.8,425.37,211,Low,0.07,1
373,7,6.0,383.21,239,Low,0.27,0
374,3,5.5,114.28,104,Medium,0.32,0
375,6,3.9,389.04,306,Low,0.18,0
376,7,3.7,396.02,162,Medium,0.39,0
377,7,4.9,346.34,88,Low,0.08,0
378,9,7.3,394.75,211,Low,0.63,0
379,6,6.1,430.66,350,Low,0.57,0
380,3,4.3,326.12,93,Low,0.24,0
381,7,6.5,89.87,356,Medium,0.36,0
382,9,1.0,269.43,289,Medium,0.29,0
383,8,7.3,84.94,222,High,0.29,0
384,7,1.5,233.39,172,High,0.18,0
385,6,4.3,233.2,133,Low,0.11,0
386,4,2.8,79.7,243,Medium,0.29,0
387,6,2.4,206.97,271,Low,0.13,0
388,5,7.3,99.95,238,Low,0.29,0
389,3,4.1,413.71,122,Medium,0.32,0
390,10,5.7,476.46,171,Low,0.31,0
391,7,4.9,82.54,141,Low,0.16,0
392,6,6.0,479.8,88,High,0.43,0
393,10,5.2,285.16,72,Medium,0.36,0
394,9,2.4,184.8,236,Medium,0.19,0
395,4,7.0,84.59,297,Low,0.17,0
396,3,4.0,275.28,325,Low,0.52,0
397,6,1.9,407.53,147,High,0.26,0
398,10,4.1,368.19,49,Low,0.26,0
399,4,8.0,72.6,251,Medium,0.03,0
400,5,6.7,82.81,195,Low,0.42,0
401,3,4.3,231.29,160,Medium,0.57,0
402,3,4.3,182.88,185,Low,0.24,0
403,5,4.4,154.57,213,High,0.05,0
404,7,9.2,176.45,119,High,0.2,0
405,5,5.8,411.57,123,Medium,0.33,0
406,3,5.9,468.15,42,Low,0.34,0
407,3,7.1,232.3,351,High,0.29,0
408,10,5.5,457.75,322,Medium,0.11,0
409,4,4.5,194.67,259,Low,0.43,0
410,5,4.6,264.4,351,Medium,0.19,0
411,4,4.9,151.71,321,Low,0.07,0
412,5,4.9,338.21,55,Low,0.32,0
413,9,6.5,490.54,104,Medium,0.14,0
414,3,5.1,321.57,328,Low,0.16,0
415,10,6.5,211.02,179,Medium,0.13,1
416,4,4.8,341.52,177,Low,0.13,0
417,5,5.2,105.31,37,High,0.21,0
418,11,1.0,449.9,58,High,0.18,0
419,9,6.8,276.39,325,High,0.09,0
420,6,5.7,252.21,238,Low,0.1,0
421,7,7.0,313.64,157,Low,0.36,0
422,4,1.0,331.15,145,Medium,0.17,0
423,10,9.2,82.3,173,Low,0.46,0
424,6,4.7,357.18,347,Low,0.18,0
425,11,7.2,158.87,264,Medium,0.23,0
426,7,2.9,371.28,36,Medium,0.13,0
427,11,6.2,420.14,74,High,0.06,0
428,6,2.9,411.78,268,Low,0.13,0
429,7,3.8,298.63,184,Low,0.34,0
430,11,8.8,284.08,210,Low,0.06,1
431,10,4.6,114.29,244,High,0.24,0
432,5,5.4,398.91,117,Medium,0.32,0
433,3,6.7,172.13,285,High,0.55,0
434,5,6.0,273.51,102,High,0.24,0
435,6,5.3,177.92,208,Medium,0.13,0
436,4,5.7,110.22,241,Medium,0.42,0
437,3,9.8,333.3,322,Low,0.26,0
438,9,4.9,74.45,263,Medium,0.16,0
439,10,5.4,386.89,268,Medium,0.15,0
440,9,7.1,192.91,252,Medium,0.43,0
441,7,7.2,50.06,148,High,0.31,0
442,3,7.4,280.01,342,High,0.14,0
443,9,6.3,71.08,293,Medium,0.46,0
444,9,2.7,174.28,236,Medium,0.12,0
445,11,8.3,368.14,124,Medium,0.59,0
446,5,2.7,78.21,251,Low,0.33,0
447,11,5.6,427.7,305,Low,0.52,0
448,3,3.5,51.72,260,Medium,0.08,0
449,3,4.9,161.07,338,Medium,0.38,0
450,6,5.7,383.41,148,Low,0.45,0
451,11,5.6,192.32,297,High,0.48,0
452,8,5.8,95.85,302,Low,0.08,0
453,5,8.2,212.11,93,Low,0.55,0
454,3,5.9,171.68,327,Medium,0.56,0
455,6,4.5,429.22,40,Low,0.35,0
456,11,6.9,191.01,127,Low,0.48,0
457,5,7.4,405.02,100,Low,0.42,0
458,11,2.5,451.34,87,Medium,0.02,0
459,9,6.2,245.22,319,Medium,0.37,0
460,6,6.4,459.47,280,Medium,0.23,0
461,5,4.4,219.79,305,Medium,0.21,0
462,7,7.8,483.84,79,Low,0.43,0
463,7,4.7,90.18,245,High,0.21,0
464,5,5.3,359.16,81,Low,0.36,0
465,11,4.7,272.22,300,High,0.18,0
466,6,5.0,224.44,113,Medium,0.24,0
467,7,2.8,334.72,322,High,0.27,0
468,6,2.1,366.74,155,Low,0.07,0
469,7,8.2,51.96,325,Medium,0.26,0
470,9,3.3,125.13,101,Low,0.34,0
471,11,3.0,370.87,325,Low,0.38,0
472,9,1.0,349.87,265,Medium,0.19,0
473,7,3.7,484.72,85,Low,0.34,0
474,9,2.4,392.47,139,Medium,0.14,0
475,7,8.3,477.85,221,Low,0.1,0
476,5,7.0,366.14,122,Low,0.24,0
477,9,3.6,184.12,85,Medium,0.26,0
478,4,9.5,97.41,89,Medium,0.33,0
479,11,7.0,401.82,167,Medium,0.15,0
480,3,4.4,339.87,68,Medium,0.22,0
481,8,1.0,71.68,57,High,0.04,0
482,9,9.6,212.02,78,Low,0.22,0
483,10,2.2,480.56,154,Medium,0.69,0
484,11,1.7,275.18,42,High,0.1,0
485,4,7.0,244.73,65,Medium,0.5,0
486,4,9.9,255.96,130,Medium,0.25,0
487,7,7.8,144.0,311,Medium,0.28,0
488,7,6.1,215.92,115,Medium,0.1,0
489,8,6.2,216.42,33,Medium,0.31,0
490,5,6.7,73.56,252,Low,0.2,1
491,10,6.5,395.41,195,Low,0.26,0
492,3,5.6,237.43,307,High,0.19,0
493,8,5.2,419.98,159,Low,0.12,0
494,6,4.9,432.66,60,Medium,0.28,0
495,3,3.5,145.4,40,Low,0.33,0
496,9,4.4,345.81,331,Medium,0.2,1
497,11,1.6,262.53,125,Low,0.15,0
498,6,4.8,446.07,219,Low,0.16,0
499,6,3.0,147.08,221,High,0.42,0
500,8,2.8,355.02,295,High,0.3,0
501,5,5.4,323.49,157,Medium,0.33,0
502,8,7.8,182.89,267,Medium,0.37,0
503,9,6.8,111.47,141,Medium,0.05,0
504,5,1.9,343.24,345,Medium,0.11,0
505,9,3.0,382.37,174,Medium,0.54,0
506,5,6.9,192.03,94,Low,0.07,0
507,4,3.0,340.17,276,Medium,0.19,0
508,6,4.6,227.81,252,Medium,0.45,0
509,10,6.1,370.94,342,High,0.22,0
510,11,3.1,139.65,135,Low,0.16,0
511,9,5.2,450.6,210,Medium,0.24,0
512,3,2.3,179.33,213,Medium,0.24,0
513,5,3.8,215.5,255,Medium,0.17,0
514,11,5.6,76.14,294,Low,0.02,1
515,3,1.8,100.18,307,Medium,0.11,0
516,11,5.9,282.14,118,Low,0.24,0
517,10,5.0,170.42,205,Low,0.18,0
518,3,6.1,425.97,47,Medium,0.41,0
519,8,5.4,56.61,135,Medium,0.23,0
520,7,7.7,220.59,300,Medium,0.4,0
521,8,5.3,201.81,348,High,0.13,0
522,7,4.1,58.7,196,Low,0.36,0
523,8,5.2,105.97,42,Low,0.11,0
524,7,6.1,236.14,61,Medium,0.22,0
525,7,5.1,271.79,69,Low,0.46,0
526,6,5.1,231.93,177,Low,0.13,1
527,5,3.6,288.92,247,Low,0.34,0
528,5,3.7,317.81,248,Low,0.3,0
529,6,2.2,54.47,111,High,0.14,0
530,11,8.5,258.84,362,Low,0.41,0
531,4,2.5,483.57,237,Medium,0.27,0
532,11,3.6,283.56,230,Low,0.47,0
533,3,3.6,354.89,361,Medium,0.21,0
534,3,6.8,190.34,67,Low,0.6,0
535,7,4.4,398.3,240,Medium,0.62,0
536,8,7.5,397.81,356,Medium,0.2,0
537,8,3.7,284.58,278,Low,0.6,0
538,5,5.6,489.21,256,Medium,0.15,0
539,9,3.3,106.5,77,Low,0.06,0
540,11,9.3,57.63,47,Medium,0.42,0
541,10,2.6,396.57,324,Low,0.1,0
542,8,5.6,413.22,225,High,0.29,0
543,10,6.3,104.09,216,Low,0.26,0
544,7,5.8,169.51,253,Medium,0.28,0
545,10,4.6,57.9,347,Low,0.29,0
546,6,4.7,181.99,258,Low,0.14,0
547,10,5.1,397.91,106,Medium,0.24,0
548,4,4.7,283.08,217,High,0.19,0
549,7,6.9,206.64,299,Low,0.27,1
550,11,9.4,217.28,124,Low,0.22,1
551,6,3.9,50.61,339,Low,0.44,0
552,8,2.3,184.91,161,Low,0.23,0
553,3,4.8,340.91,68,Low,0.19,0
554,11,10.2,488.39,101,Medium,0.27,0
555,3,3.4,431.18,310,Low,0.11,0
556,7,8.3,60.62,362,Low,0.26,0
557,6,8.4,454.35,189,Medium,0.02,0
558,5,3.9,402.44,216,Low,0.35,0
559,8,6.1,401.17,220,Low,0.36,0
560,4,8.3,256.1,149,Low,0.21,0
561,5,4.2,229.1,249,Medium,0.02,0
562,7,4.6,186.31,82,Low,0.2,0
563,11,3.8,79.56,251,Medium,0.5,0
564,4,3.0,152.71,160,Low,0.1,0
565,10,3.7,160.97,266,Medium,0.0,0
566,4,2.6,267.83,275,Low,0.37,0
567,7,5.1,386.35,255,Medium,0.68,0
568,9,3.5,263.21,237,High,0.21,0
569,10,5.5,76.03,125,Medium,0.28,0
570,3,1.9,481.01,229,Low,0.26,0
571,8,5.7,474.23,276,Low,0.15,0
572,3,6.7,403.34,101,Low,0.35,0
573,4,1.0,496.1,347,Low,0.12,0
574,3,5.7,295.02,214,Low,0.21,0
575,7,7.5,483.25,35,Medium,0.17,0
576,11,2.6,84.02,235,Low,0.61,0
577,8,8.3,214.56,61,Medium,0.14,0
578,3,5.8,151.42,128,Medium,0.3,0
579,3,3.6,138.12,285,Medium,0.55,0
580,4,4.9,113.36,216,Low,0.16,0
581,11,6.1,330.09,105,High,0.55,0
582,5,5.2,401.59,206,Low,0.45,0
583,3,6.1,310.23,344,Medium,0.21,0
584,7,3.2,116.13,316,Medium,0.08,0
585,9,5.3,415.01,284,Medium,0.17,0
586,8,2.2,336.18,354,Medium,0.16,0
587,3,4.8,224.67,219,Low,0.26,0
588,7,3.2,353.36,337,Low,0.13,0
589,7,3.5,166.96,156,Medium,0.28,0
590,8,7.5,205.34,316,Low,0.3,0
591,5,7.2,462.87,283,High,0.42,0
592,7,6.2,180.73,242,Low,0.21,0
593,9,2.8,261.49,279,Low,0.27,0
594,7,4.4,450.56,113,Low,0.12,0
595,7,7.4,368.47,42,Low,0.44,0
596,7,5.3,77.99,74,Medium,0.43,0
597,5,9.6,116.29,156,Medium,0.08,0
598,3,5.8,53.53,143,Medium,0.66,0
599,7,5.4,333.91,305,High,0.11,0
600,11,4.4,251.45,234,High,0.46,0
601,3,5.3,110.42,302,High,0.33,0
602,5,4.7,481.07,87,Low,0.33,0
603,6,6.4,288.35,357,Medium,0.22,0
604,3,6.9,158.85,248,Low,0.47,0
605,3,3.4,275.27,138,Low,0.16,0
606,10,2.3,355.83,308,Medium,0.16,0
607,4,1.3,84.31,203,Low,0.13,0
608,10,6.0,173.62,357,Low,0.31,0
609,9,2.8,413.13,293,Low,0.55,0
610,4,1.0,256.85,344,Low,0.27,0
611,8,5.8,295.96,140,High,0.59,0
612,8,10.0,244.77,216,Low,0.17,0
613,5,5.0,69.75,298,Low,0.27,0
614,4,6.7,124.59,258,Medium,0.05,0
615,3,5.2,250.49,185,Low,0.27,0
616,8,4.8,144.13,218,High,0.49,0
617,7,6.8,72.49,301,Low,0.17,0
618,11,4.4,429.64,31,Medium,0.32,0
619,3,5.5,491.54,275,Medium,0.03,0
620,9,5.6,406.91,239,High,0.44,0
621,7,3.7,434.2,315,Medium,0.48,0
622,7,7.0,158.89,42,High,0.06,0
623,4,4.7,482.28,125,Low,0.25,0
624,5,3.5,138.62,250,Low,0.46,0
625,9,6.1,478.14,267,Low,0.2,0
626,8,3.2,497.67,123,High,0.12,0
627,4,5.1,370.28,298,Low,0.3,0
628,8,5.0,491.51,200,Low,0.42,0
629,4,7.2,306.29,123,Low,0.4,0
630,4,5.9,166.79,178,Low,0.2,0
631,4,4.9,246.65,141,Low,0.56,0
632,5,6.6,317.1,84,High,0.05,0
633,4,7.8,82.89,145,Medium,0.33,0
634,6,6.1,330.05,172,Medium,0.53,0
635,11,5.0,491.53,230,Medium,0.28,0
636,8,2.4,135.55,209,Low,0.19,0
637,3,2.9,406.67,231,Low,0.23,0
638,10,4.4,458.55,82,Low,0.21,0
639,9,3.8,474.67,209,Low,0.31,0
640,5,4.6,482.06,342,Medium,0.25,0
641,3,5.1,284.66,337,Low,0.06,0
642,7,6.1,489.79,166,Low,0.25,0
643,6,4.9,390.79,211,Medium,0.37,0
644,10,6.0,122.75,30,High,0.09,0
645,3,5.1,264.61,73,High,0.19,0
646,3,1.0,373.25,256,High,0.35,0
647,6,3.1,161.3,360,Medium,0.32,0
648,10,4.7,338.28,127,Low,0.18,0
649,7,2.6,349.97,237,Medium,0.3,0
650,4,6.2,123.21,294,Low,0.18,0
651,8,8.1,304.29,317,Medium,0.26,0
652,7,7.4,397.23,300,Medium,0.26,1
653,4,4.6,274.5,169,Low,0.62,0
654,5,8.0,55.45,266,Medium,0.18,0
655,11,5.3,54.07,101,High,0.14,0
656,9,4.3,210.66,184,Low,0.3,0
657,9,3.8,466.79,219,High,0.34,0
658,8,4.4,152.9,297,Low,0.26,0
659,10,4.2,335.46,350,Medium,0.35,0
660,6,5.3,149.93,136,Medium,0.22,0
661,10,5.3,194.75,261,Medium,0.35,0
662,6,5.0,431.62,71,High,0.26,0
663,10,5.9,377.99,219,High,0.23,0
664,11,7.4,92.93,168,Medium,0.48,0
665,5,6.9,242.92,132,Low,0.58,0
666,5,2.0,63.13,200,High,0.23,0
667,4,1.0,266.4,302,Low,0.06,0
668,5,6.9,348.1,250,High,0.09,0
669,5,2.3,103.33,242,Low,0.32,0
670,7,4.6,180.0,85,Low,0.37,0
671,7,2.7,229.03,131,Medium,0.15,0
672,4,1.4,463.79,221,Low,0.48,0
673,8,6.1,496.96,339,Low,0.23,0
674,7,6.5,70.21,229,Low,0.54,0
675,8,3.8,392.45,262,Low,0.31,0
676,3,1.0,217.28,256,Low,0.51,0
677,7,3.9,226.61,168,Low,0.12,0
678,11,5.8,389.42,334,Medium,0.32,0
679,4,2.0,463.29,178,Low,0.35,0
680,3,5.4,477.92,144,Medium,0.56,0
681,11,5.0,309.71,92,Low,0.32,0
682,11,6.2,210.7,133,High,0.14,0
683,11,5.2,404.4,185,High,0.12,0
684,8,3.1,162.95,302,Low,0.39,0
685,10,7.4,303.83,35,Medium,0.17,0
686,3,4.7,211.36,176,High,0.34,0
687,6,4.9,345.48,213,High,0.35,0
688,3,3.1,158.18,57,Medium,0.46,0
689,10,4.1,136.22,67,Low,0.31,0
690,3,3.2,463.21,148,Medium,0.08,0
691,5,4.7,95.81,322,Medium,0.31,0
692,6,8.4,277.68,273,Medium,0.18,0
693,10,2.3,149.38,97,Low,0.43,0
694,8,1.8,67.52,243,High,0.6,0
695,9,7.9,66.21,247,High,0.21,0
696,10,4.6,128.85,206,Low,0.45,0
697,4,3.7,440.05,328,Low,0.1,0
698,10,7.1,177.12,193,Low,0.43,0
699,5,3.8,477.71,87,High,0.41,0
700,9,8.7,311.73,298,Medium,0.56,0
701,5,6.4,246.48,337,Medium,0.28,0
702,9,4.0,311.04,87,Medium,0.12,0
703,4,9.3,282.51,317,Medium,0.1,0
704,8,3.8,391.45,134,Low,0.15,0
705,5,6.5,177.12,257,Medium,0.08,0
706,5,5.6,208.87,276,Medium,0.15,0
707,11,7.6,452.34,217,High,0.38,0
708,9,8.1,475.91,112,High,0.34,0
709,7,5.1,451.65,215,High,0.56,0
710,9,3.5,238.75,281,Medium,0.36,0
711,11,5.9,401.16,267,Medium,0.27,0
712,3,3.6,264.35,213,Medium,0.34,0
713,9,9.0,273.89,313,High,0.13,0
714,8,5.3,142.11,239,Low,0.33,0
715,11,4.3,316.01,333,Low,0.53,0
716,3,5.4,133.76,325,Low,0.15,0
717,6,2.3,199.2,126,Medium,0.53,0
718,11,3.1,434.76,237,Low,0.28,0
719,6,7.4,143.18,166,Low,0.15,0
720,5,3.7,82.02,213,Low,0.27,0
721,11,2.9,81.05,105,Low,0.09,0
722,4,6.1,473.35,316,High,0.39,0
723,6,7.4,278.11,171,Low,0.1,0
724,8,6.4,234.24,266,Medium,0.15,0
725,4,7.0,414.9,54,Medium,0.63,0
726,10,3.5,426.12,319,High,0.23,0
727,10,2.2,199.49,96,Low,0.1,0
728,3,8.0,362.13,279,High,0.28,0
729,5,4.4,397.01,147,Medium,0.32,0
730,11,4.5,344.59,102,High,0.39,0
731,7,7.7,118.22,311,High,0.58,0
732,8,6.1,444.15,39,Low,0.22,0
733,6,5.9,292.59,240,Low,0.27,0
734,4,9.3,177.11,352,Low,0.4,0
735,10,3.7,241.35,181,Medium,0.19,0
736,8,6.9,66.91,34,Low,0.02,1
737,7,5.1,107.54,224,Low,0.55,0
738,11,5.5,394.5,312,Medium,0.31,0
739,3,8.1,50.01,142,Low,0.3,0
740,7,6.0,237.45,300,Low,0.26,1
741,8,6.1,285.13,192,Medium,0.2,0
742,7,7.1,74.59,134,Low,0.66,0
743,8,4.3,487.89,210,Low,0.39,0
744,8,3.3,151.76,73,Medium,0.16,0
745,9,2.9,186.89,311,Medium,0.26,0
746,6,1.1,186.77,204,High,0.18,0
747,10,9.1,153.69,191,Medium,0.16,0
748,9,2.8,50.66,169,Medium,0.2,0
749,11,4.6,378.21,161,Medium,0.44,0
750,9,4.4,485.08,116,High,0.03,0
751,5,5.6,150.93,205,High,0.13,0
752,5,6.6,348.37,212,High,0.48,0
753,10,6.7,383.85,158,Medium,0.35,0
754,7,3.8,431.79,275,Low,0.43,0
755,6,4.7,240.18,118,Low,0.52,0
756,10,5.6,186.32,95,Low,0.01,0
757,8,4.5,196.38,187,High,0.29,0
758,4,8.2,370.68,178,Medium,0.34,0
759,6,6.0,417.55,145,Medium,0.17,0
760,6,6.5,131.73,243,Low,0.38,0
761,8,6.3,216.92,323,High,0.12,0
762,8,7.3,455.87,282,Low,0.29,0
763,3,5.4,413.01,172,Low,0.32,0
764,10,2.4,493.19,279,Low,0.32,0
765,8,5.8,389.41,331,Medium,0.26,0
766,5,3.7,226.94,54,Medium,0.16,0
767,11,3.9,315.79,306,High,0.33,0
768,4,6.2,347.46,99,Low,0.38,0
769,10,7.5,85.31,142,Medium,0.16,0
770,5,5.0,295.02,141,Medium,0.2,0
771,7,5.6,369.19,332,Low,0.34,0
772,8,8.4,125.29,120,High,0.32,0
773,8,5.5,401.28,47,Medium,0.45,0
774,6,10.2,312.7,178,Medium,0.52,0
775,5,6.1,478.5,256,High,0.4,0
776,6,1.5,69.09,243,Medium,0.36,0
777,3,6.5,169.4,180,Low,0.68,0
778,6,5.8,320.7,221,Medium,0.18,0
779,3,7.6,183.45,69,Low,0.25,0
780,3,6.3,371.49,271,Low,0.37,0
781,8,4.7,391.55,167,Low,0.04,0
782,7,2.6,96.13,209,Medium,0.19,0
783,6,4.6,281.23,229,Medium,0.03,0
784,5,3.3,279.0,232,Low,0.07,0
785,3,3.8,216.18,90,Medium,0.12,0
786,8,6.2,469.82,221,High,0.16,0
787,4,8.3,422.38,34,Low,0.24,0
788,10,5.8,363.74,266,Low,0.23,0
789,7,2.6,371.45,210,Medium,0.22,0
790,9,5.9,257.77,340,Low,0.37,0
791,4,7.4,464.45,66,Medium,0.18,0
792,10,3.8,362.57,85,Low,0.22,1
793,4,4.7,378.04,266,Medium,0.32,0
794,6,5.0,437.76,226,Medium,0.15,0
795,3,3.4,173.33,102,Medium,0.13,0
796,7,6.3,413.18,88,High,0.17,0
797,11,4.8,137.86,269,High,0.56,0
798,3,5.8,205.4,31,Medium,0.29,0
799,11,3.2,201.02,217,Medium,0.12,0
800,10,4.1,490.34,336,Low,0.07,1
801,8,6.4,435.44,59,Medium,0.35,0
802,9,4.3,365.53,296,Low,0.19,0
803,5,8.5,377.18,137,High,0.43,0
804,3,4.2,302.93,361,Low,0.5,0
805,7,5.4,476.19,119,Medium,0.26,0
806,4,6.9,273.32,234,Low,0.22,0
807,7,2.2,221.23,249,Medium,0.27,0
808,10,1.5,123.37,123,High,0.11,0
809,11,1.9,403.79,132,Low,0.19,0
810,4,7.5,380.5,252,High,0.15,0
811,5,3.9,222.96,215,Low,0.1,0
812,5,10.1,61.34,213,Medium,0.09,0
813,3,3.9,427.55,191,High,0.5,0
814,10,5.4,55.14,276,Low,0.12,0
815,8,8.1,366.66,60,High,0.51,0
816,10,9.0,486.62,81,Low,0.29,0
817,11,9.1,246.95,105,Low,0.3,0
818,7,7.4,155.74,307,High,0.15,0
819,5,7.0,367.19,69,Low,0.27,0
820,7,6.2,417.71,130,High,0.58,0
821,7,6.6,295.89,140,High,0.61,0
822,7,3.9,485.17,350,Low,0.17,0
823,5,3.4,73.25,278,Medium,0.12,0
824,6,5.0,277.16,220,Low,0.26,0
825,11,4.7,373.3,211,Medium,0.44,0
826,11,4.1,438.19,364,Low,0.49,0
827,4,6.4,130.67,238,Low,0.57,0
828,10,6.9,410.0,51,Low,0.35,0
829,10,5.2,298.72,195,Medium,0.08,0
830,9,8.0,228.45,128,High,0.34,0
831,10,2.7,109.27,237,High,0.15,0
832,5,4.6,439.38,37,Medium,0.35,0
833,8,3.6,120.77,219,Medium,0.03,0
834,3,1.3,189.4,204,High,0.12,0
835,9,4.8,180.52,302,Low,0.29,0
836,3,4.8,442.14,46,Medium,0.2,0
837,11,8.0,352.72,119,High,0.34,0
838,3,6.3,408.51,170,Low,0.46,0
839,3,3.0,162.71,174,Medium,0.45,0
840,9,8.7,331.19,195,High,0.44,0
841,4,7.4,307.29,107,High,0.06,0
842,7,6.2,424.77,291,Medium,0.22,0
843,10,4.5,457.74,192,Low,0.23,0
844,10,3.1,55.47,43,Low,0.37,0
845,5,4.3,353.31,268,Low,0.38,0
846,9,7.2,73.33,101,Medium,0.26,0
847,5,8.8,296.99,172,Low,0.09,0
848,8,8.1,179.43,339,High,0.17,0
849,8,4.0,188.05,312,Low,0.49,0
850,5,2.8,208.83,298,Low,0.26,0
851,9,5.3,329.58,270,Medium,0.4,0
852,5,1.5,200.32,274,Medium,0.22,0
853,10,5.6,379.71,192,Low,0.38,0
854,6,4.7,232.04,89,Medium,0.67,0
855,3,4.1,80.76,35,Medium,0.63,0
856,6,1.8,402.69,226,Low,0.08,0
857,9,6.0,178.59,87,Low,0.28,0
858,6,3.9,244.75,334,High,0.36,0
859,8,2.7,358.45,246,Medium,0.16,0
860,11,1.0,199.61,55,Low,0.05,0
861,3,4.9,75.46,332,High,0.13,0
862,7,8.5,218.26,34,High,0.32,0
863,9,8.3,475.0,49,Medium,0.46,0
864,3,4.1,338.78,227,Medium,0.48,0
865,6,3.8,352.17,88,High,0.43,0
866,8,5.9,334.53,271,High,0.52,0
867,4,3.0,139.55,175,Medium,0.13,0
868,7,5.6,238.25,302,Medium,0.25,0
869,3,6.5,387.92,278,Medium,0.06,0
870,8,7.5,95.62,43,Medium,0.38,0
871,8,4.8,175.03,42,Low,0.07,0
872,6,4.6,174.34,73,Medium,0.44,0
873,10,3.2,244.41,48,High,0.29,0
874,6,3.3,491.17,92,Medium,0.43,0
875,10,4.5,80.38,268,Medium,0.28,0
876,10,5.7,283.42,129,Medium,0.51,0
877,7,6.8,130.71,192,Low,0.4,0
878,6,3.4,486.8,151,Medium,0.18,0
879,4,8.0,100.99,73,Medium,0.24,0
880,5,4.5,231.62,346,Low,0.22,0
881,5,5.0,382.05,174,Low,0.03,0
882,6,3.5,367.05,356,High,0.35,0
883,6,1.0,240.23,79,Low,0.21,0
884,7,6.8,205.94,94,Low,0.15,0
885,6,6.5,228.93,317,High,0.36,0
886,10,4.4,168.92,193,Medium,0.24,0
887,8,5.1,142.4,170,Medium,0.24,1
888,8,6.0,267.37,343,High,0.04,0
889,10,1.9,170.84,157,Low,0.12,1
890,9,3.9,179.36,268,Medium,0.02,0
891,10,6.6,345.54,353,Medium,0.2,0
892,4,2.5,485.84,325,High,0.36,0
893,11,5.6,321.64,216,Medium,0.35,0
894,3,2.3,84.64,237,Medium,0.13,0
895,10,5.9,84.01,249,Medium,0.19,0
896,6,4.9,478.14,219,Medium,0.13,0
897,6,1.8,183.78,313,Medium,0.17,0
898,7,7.3,91.43,266,Medium,0.33,0
899,10,3.5,319.57,223,Medium,0.56,0
900,7,3.4,330.64,316,Medium,0.21,0
901,10,5.4,341.83,288,Medium,0.41,0
902,3,7.3,170.33,275,Medium,0.17,0
903,11,3.0,56.8,165,High,0.29,0
904,8,5.1,484.26,309,Medium,0.61,0
905,5,5.9,162.9,300,High,0.13,0
906,10,6.4,354.21,200,High,0.02,0
907,11,5.4,367.98,188,Medium,0.32,0
908,8,4.3,324.5,230,Medium,0.22,0
909,9,3.3,190.81,74,High,0.5,0
910,3,5.2,171.99,293,Medium,0.54,0
911,7,2.9,318.95,100,High,0.12,0
912,7,1.0,439.74,132,Medium,0.2,0
913,6,5.9,476.03,154,Medium,0.69,0
914,8,6.8,97.66,342,Low,0.14,0
915,9,1.0,119.67,315,Medium,0.06,0
916,11,3.0,475.13,259,High,0.16,0
917,3,6.2,381.44,175,Medium,0.2,0
918,8,9.1,447.35,226,Medium,0.53,0
919,9,5.0,141.18,250,High,0.38,0
920,5,3.5,314.41,89,Medium,0.31,0
921,10,4.6,365.51,127,Medium,0.24,0
922,7,7.7,356.05,200,Medium,0.16,0
923,11,3.7,233.67,202,Medium,0.08,0
924,7,3.4,56.93,180,Low,0.4,0
925,11,4.0,312.32,151,Medium,0.01,0
926,6,3.1,163.9,137,Medium,0.19,0
927,11,5.2,252.61,33,Low,0.29,0
928,7,8.2,480.91,122,Medium,0.46,0
929,11,5.6,229.57,35,Medium,0.1,0
930,5,4.5,427.91,317,Low,0.69,0
931,6,4.4,134.84,135,Medium,0.12,0
932,11,1.9,352.61,175,Low,0.44,0
933,8,6.8,489.65,300,Medium,0.23,0
934,4,4.8,95.85,125,High,0.25,0
935,9,4.6,53.74,258,Medium,0.52,0
936,4,11.4,245.11,231,Low,0.32,0
937,4,5.6,91.68,241,Low,0.1,0
938,3,3.5,386.77,35,Low,0.48,0
939,5,4.1,461.55,141,Medium,0.42,0
940,8,7.3,245.31,352,Low,0.23,0
941,10,5.2,166.42,135,Medium,0.12,0
942,11,2.1,245.48,168,Low,0.26,0
943,9,6.8,375.55,328,High,0.19,0
944,6,3.7,54.07,125,Low,0.3,0
945,8,8.7,315.25,326,Low,0.73,0
946,7,7.2,325.98,243,High,0.25,0
947,10,4.1,336.96,320,Low,0.25,0
948,3,7.6,158.91,51,Low,0.15,0
949,3,5.1,371.32,222,Medium,0.25,0
950,8,6.7,91.13,179,Medium,0.23,0
951,4,6.0,139.67,276,Medium,0.2,0
952,7,3.3,444.86,296,Low,0.31,0
953,3,3.7,382.43,280,Medium,0.21,0
954,9,7.1,56.19,32,Low,0.3,0
955,3,4.3,161.77,345,Low,0.43,0
956,6,4.2,146.48,105,High,0.18,0
957,11,3.1,171.86,116,Medium,0.38,0
958,3,5.8,161.4,299,Low,0.73,0
959,6,9.1,78.14,254,Medium,0.55,0
960,8,2.9,256.52,47,Low,0.44,0
961,8,5.0,379.73,142,High,0.48,0
962,10,7.8,323.03,280,Low,0.29,0
963,3,4.8,352.79,262,Low,0.66,0
964,9,5.9,86.52,358,Medium,0.15,0
965,3,2.9,478.17,308,Medium,0.18,0
966,9,5.9,427.32,231,Medium,0.06,0
967,5,4.6,412.29,112,Low,0.17,0
968,10,7.0,420.34,154,Low,0.18,0
969,5,7.4,469.72,204,Medium,0.12,0
970,3,10.2,294.91,98,Low,0.27,0
971,10,6.2,140.13,76,High,0.36,0
972,5,5.7,327.55,285,Low,0.39,0
973,4,5.4,384.3,244,Medium,0.31,0
974,3,4.3,382.06,59,Medium,0.56,0
975,5,5.7,284.65,310,Low,0.42,0
976,4,4.4,80.81,266,Medium,0.45,0
977,4,5.3,217.0,277,High,0.04,0
978,8,7.6,464.34,54,Low,0.27,0
979,3,3.0,313.0,103,High,0.29,0
980,4,7.3,292.25,235,Medium,0.19,0
981,8,7.6,170.98,343,Low,0.36,0
982,5,4.8,215.8,123,Medium,0.07,0
983,6,1.0,452.91,156,Low,0.44,0
984,3,3.8,349.91,54,Medium,0.61,0
985,10,7.6,404.32,363,Medium,0.3,0
986,9,5.0,254.46,145,High,0.18,0
987,9,3.0,333.61,77,High,0.69,0
988,5,4.0,161.77,255,Medium,0.12,0
989,5,6.7,367.46,295,Medium,0.08,0
990,4,6.1,242.42,128,Low,0.14,0
991,3,4.5,249.15,40,Medium,0.35,0
992,9,4.3,342.2,114,Low,0.33,0
993,9,4.2,471.33,243,Medium,0.27,0
994,4,3.2,78.8,202,Medium,0.53,0
995,9,8.2,421.13,238,Low,0.46,0
996,10,4.4,181.57,93,Low,0.25,0
997,3,7.4,249.76,287,Low,0.29,0
998,11,8.0,59.86,361,Medium,0.25,0
999,9,7.0,185.47,150,Medium,0.4,0
1000,5,4.1,276.18,327,Medium,0.49,0
